{"count":1,"self":2127.1728128,"total":10539.9054849,"children":{"InitializeActuators":{"count":29,"self":0.0019959,"total":0.0019959,"children":null},"InitializeSensors":{"count":29,"self":0.001001,"total":0.001001,"children":null},"AgentSendState":{"count":428034,"self":75.3154816,"total":376.1226387,"children":{"CollectObservations":{"count":2507774,"self":163.48198399999998,"total":164.23921729999998,"children":{"AgentInfo.ToProto":{"count":31540,"self":0.3460202,"total":0.7572371,"children":{"GenerateSensorData":{"count":31540,"self":0.4112169,"total":0.4112169,"children":null}}}}},"CollectDiscreteActionMasks":{"count":2507774,"self":7.933216,"total":7.9332164,"children":null},"RequestDecision":{"count":2507774,"self":44.183705599999996,"total":128.6347231,"children":{"AgentInfo.ToProto":{"count":2507774,"self":23.147206399999998,"total":84.4510162,"children":{"GenerateSensorData":{"count":2507774,"self":61.303808,"total":61.3038105,"children":null}}}}}}},"DecideAction":{"count":428034,"self":7933.3072895999994,"total":7933.3071426,"children":null},"AgentAct":{"count":428034,"self":103.28608,"total":103.29703959999999,"children":{"AgentInfo.ToProto":{"count":551,"self":0.0039908,"total":0.0109585,"children":{"GenerateSensorData":{"count":551,"self":0.0069676999999999994,"total":0.0069676999999999994,"children":null}}}}},"AgentInfo.ToProto":{"count":75,"self":0.0010022,"total":0.001985,"children":{"GenerateSensorData":{"count":75,"self":0.0009828,"total":0.0009828,"children":null}}}},"gauges":{"Car.CumulativeReward":{"count":32166,"max":2030.21362,"min":-1131.25574,"runningAverage":233.27597,"value":157.609055,"weightedAverage":677.5582}},"metadata":{"timer_format_version":"0.1.0","start_time_seconds":"1601382112","unity_version":"2019.3.6f1","command_line_arguments":"D:\\Program Files\\Unity\\2019.3.6f1\\Editor\\Unity.exe -projectpath D:\/Ezeuz\/Workbench\/Unity\/Prototypes\/Car-Physics -useHub -hubIPC -cloudEnvironment production -hubSessionId f17da990-0109-11eb-9100-db751bcce8e7 -accessToken JJrJ9u5JmHzZayr-cqyFw89liV3hU-4LDplBefYT8Z4011f","communication_protocol_version":"1.1.0","com.unity.ml-agents_version":"1.4.0-preview","scene_name":"Race","end_time_seconds":"1601392650"}}