{
    "name": "root",
    "gauges": {
        "Car.Policy.Entropy.mean": {
            "value": 1.2522403001785278,
            "min": 1.2522403001785278,
            "max": 1.426410436630249,
            "count": 151
        },
        "Car.Environment.EpisodeLength.mean": {
            "value": 234.01923076923077,
            "min": 24.378435517970402,
            "max": 275.5681818181818,
            "count": 151
        },
        "Car.Policy.ExtrinsicValueEstimate.mean": {
            "value": 31.247133255004883,
            "min": -0.6097648739814758,
            "max": 31.247133255004883,
            "count": 151
        },
        "Car.Policy.CuriosityValueEstimate.mean": {
            "value": 0.3647565543651581,
            "min": 0.1148080974817276,
            "max": 3.039537191390991,
            "count": 151
        },
        "Car.Environment.CumulativeReward.mean": {
            "value": 131.7175848388672,
            "min": -78.14783538619118,
            "max": 133.00878734977877,
            "count": 151
        },
        "Car.Policy.ExtrinsicReward.mean": {
            "value": 131.7175848388672,
            "min": -78.14783538619118,
            "max": 133.00878734977877,
            "count": 151
        },
        "Car.Policy.CuriosityReward.mean": {
            "value": 0.8509371602535247,
            "min": 0.0,
            "max": 28.963250621218524,
            "count": 151
        },
        "Car.IsTraining.mean": {
            "value": 1.0,
            "min": 1.0,
            "max": 1.0,
            "count": 151
        },
        "Car.Losses.ValueLoss.mean": {
            "value": 181.5082244873047,
            "min": 1.669359564781189,
            "max": 1864.7503662109375,
            "count": 149
        },
        "Car.Losses.PolicyLoss.mean": {
            "value": 0.10138765722513199,
            "min": 0.0894191786646843,
            "max": 0.11019288003444672,
            "count": 149
        },
        "Car.Policy.LearningRate.mean": {
            "value": 8.295343286590651e-05,
            "min": 8.295343286590651e-05,
            "max": 0.00029855986940674484,
            "count": 149
        },
        "Car.Policy.Epsilon.mean": {
            "value": 0.12765111029148102,
            "min": 0.12765111029148102,
            "max": 0.19951997697353363,
            "count": 149
        },
        "Car.Policy.Beta.mean": {
            "value": 0.00028374604880809784,
            "min": 0.00028374604880809784,
            "max": 0.0009952476248145103,
            "count": 149
        },
        "Car.Losses.CuriosityForwardLoss.mean": {
            "value": 0.006945934146642685,
            "min": 0.006543613504618406,
            "max": 451.0916748046875,
            "count": 149
        },
        "Car.Losses.CuriosityInverseLoss.mean": {
            "value": 0.06754450500011444,
            "min": 0.06567544490098953,
            "max": 5.223756790161133,
            "count": 149
        }
    },
    "metadata": {
        "timer_format_version": "0.1.0",
        "start_time_seconds": "1601362818",
        "python_version": "3.7.1 (default, Nov 24 2018, 22:14:32) [MSC v.1912 64 bit (AMD64)]",
        "command_line_arguments": "D:\\PF~4\\Python\\AN~3\\envs\\py37\\Scripts\\mlagents-learn Car2.yaml --run-id=Car_7 --time-scale=20 --quality-level=0 --width=512 --height=256",
        "mlagents_version": "0.20.0",
        "mlagents_envs_version": "0.20.0",
        "communication_protocol_version": "1.1.0",
        "tensorflow_version": "2.4.0-dev20200906",
        "numpy_version": "1.18.5",
        "end_time_seconds": "1601368906"
    },
    "total": 6087.8658399999995,
    "count": 1,
    "self": 3.262198599999465,
    "children": {
        "run_training.setup": {
            "total": 0.019703799999998495,
            "count": 1,
            "self": 0.019703799999998495
        },
        "TrainerController.start_learning": {
            "total": 6084.5839376,
            "count": 1,
            "self": 11.017720999705489,
            "children": {
                "TrainerController._reset_env": {
                    "total": 17.4886887,
                    "count": 1,
                    "self": 17.4886887
                },
                "TrainerController.advance": {
                    "total": 6054.867717300295,
                    "count": 272127,
                    "self": 4.913524900330231,
                    "children": {
                        "env_step": {
                            "total": 6049.954192399965,
                            "count": 272127,
                            "self": 4315.05757589999,
                            "children": {
                                "SubprocessEnvManager._take_step": {
                                    "total": 1729.841296500039,
                                    "count": 272127,
                                    "self": 11.81977439993193,
                                    "children": {
                                        "TFPolicy.evaluate": {
                                            "total": 1718.0215221001072,
                                            "count": 272127,
                                            "self": 1718.0215221001072
                                        }
                                    }
                                },
                                "workers": {
                                    "total": 5.055319999935627,
                                    "count": 272126,
                                    "self": 0.0,
                                    "children": {
                                        "worker_root": {
                                            "total": 6060.142194400139,
                                            "count": 272126,
                                            "is_parallel": true,
                                            "self": 4001.5661155001644,
                                            "children": {
                                                "steps_from_proto": {
                                                    "total": 0.00047870000000038715,
                                                    "count": 1,
                                                    "is_parallel": true,
                                                    "self": 0.0002827999999990283,
                                                    "children": {
                                                        "_process_vector_observation": {
                                                            "total": 0.00019590000000135888,
                                                            "count": 2,
                                                            "is_parallel": true,
                                                            "self": 0.00019590000000135888
                                                        }
                                                    }
                                                },
                                                "UnityEnvironment.step": {
                                                    "total": 2058.5756001999744,
                                                    "count": 272126,
                                                    "is_parallel": true,
                                                    "self": 36.08793180002499,
                                                    "children": {
                                                        "UnityEnvironment._generate_step_input": {
                                                            "total": 40.31895539988193,
                                                            "count": 272126,
                                                            "is_parallel": true,
                                                            "self": 40.31895539988193
                                                        },